{"learner":{"attributes":{},"gradient_booster":{"model":{"gbtree_model_param":{"num_trees":"4","size_leaf_vector":"0"},"tree_info":[0,0,0,0],"trees":[{"base_weights":[-1.2903532E0,-1.7802147E0,9.136447E-1,-1.8109077E0,1.3031359E0,-3.2476926E-1,1.2395889E0,-1.8791494E0,-9.882961E-1,-5.925926E-1,1.534282E0,-1.0784314E0,4.5148316E-1,5.321948E-1,1.5194697E0,-1.9262286E0,-1.433307E0,-1.4175011E0,4.987546E-3,6.0465115E-1,-1.0588235E0,7.603306E-1,1.8185118E0,-1.1750894E0,1.009901E0,1.0476191E0,-6.451611E-2,2.3241591E-1,1.4275162E0,1.6929824E0,8.283011E-1,9.4736844E-1,-1.9310635E0,-1.7926475E0,-1.0721166E0,1.3301436E0,-1.5414302E0,-5.863771E-1,5.9683794E-1,1.1089109E0,-6.666667E-1,1.8493409E0,5E-1,-8.2828283E-1,-1.4984833E0,1.4285715E0,3.9215695E-2,-1.0136986E0,1.196326E0,-5.6292903E-1,2.6347306E-1,5.9375E-1,-2.7737224E-1,1.4523135E0,1.8181819E-1,1.4998724E0,1.8447009E0,2.608696E-1,1.0825688E0],"categories":[],"categories_nodes":[],"categories_segments":[],"categories_sizes":[],"default_left":[true,true,true,true,true,true,true,true,true,true,true,true,true,true,true,true,true,true,true,false,false,true,true,true,true,true,true,true,true,true,true,false,false,false,false,false,false,false,false,false,false,false,false,false,false,false,false,false,false,false,false,false,false,false,false,false,false,false,false],"id":0,"left_children":[1,3,5,7,9,11,13,15,17,19,21,23,25,27,29,31,33,35,37,-1,-1,39,41,43,45,47,49,51,53,55,57,-1,-1,-1,-1,-1,-1,-1,-1,-1,-1,-1,-1,-1,-1,-1,-1,-1,-1,-1,-1,-1,-1,-1,-1,-1,-1,-1,-1],"loss_changes":[5.687082E3,4.1012793E2,3.872038E2,2.3766016E2,1.9773293E1,1.1775657E2,1.4942322E2,7.9913086E1,1.4024582E2,3.654456E0,7.1195602E0,2.1775826E1,3.0658978E1,5.7816742E1,6.3735718E1,5.1286133E1,4.7411316E1,8.0266205E1,3.5437412E1,0E0,0E0,6.758094E0,1.9519043E-1,9.744431E0,1.9962835E0,1.5374512E1,9.016784E0,3.0282017E1,1.408638E0,9.925293E0,1.572541E1,0E0,0E0,0E0,0E0,0E0,0E0,0E0,0E0,0E0,0E0,0E0,0E0,0E0,0E0,0E0,0E0,0E0,0E0,0E0,0E0,0E0,0E0,0E0,0E0,0E0,0E0,0E0,0E0],"parents":[2147483647,0,0,1,1,2,2,3,3,4,4,5,5,6,6,7,7,8,8,9,9,10,10,11,11,12,12,13,13,14,14,15,15,16,16,17,17,18,18,21,21,22,22,23,23,24,24,25,25,26,26,27,27,28,28,29,29,30,30],"right_children":[2,4,6,8,10,12,14,16,18,20,22,24,26,28,30,32,34,36,38,-1,-1,40,42,44,46,48,50,52,54,56,58,-1,-1,-1,-1,-1,-1,-1,-1,-1,-1,-1,-1,-1,-1,-1,-1,-1,-1,-1,-1,-1,-1,-1,-1,-1,-1,-1,-1],"split_conditions":[5.41185E0,4.1266376E-1,1.0178454E0,4.0032682E0,1.0036944E0,9.839451E0,7.9245806E0,3.4192088E0,1.833818E0,4.8114715E0,4.9030417E-1,1.3755457E0,1.15700826E-1,3.5482435E0,1.0963064E-1,-1.6630277E-1,1.084485E0,-3.195051E-2,6.1692705E0,6.0465115E-1,-1.0588235E0,1.6420242E-1,5.35927E0,1.4693901E-1,1.8352945E-1,1.0960488E-1,8.261494E-1,6.425453E-2,7.876661E0,2.2840781E0,1.0183592E1,9.4736844E-1,-1.9310635E0,-1.7926475E0,-1.0721166E0,1.3301436E0,-1.5414302E0,-5.863771E-1,5.9683794E-1,1.1089109E0,-6.666667E-1,1.8493409E0,5E-1,-8.2828283E-1,-1.4984833E0,1.4285715E0,3.9215695E-2,-1.0136986E0,1.196326E0,-5.6292903E-1,2.6347306E-1,5.9375E-1,-2.7737224E-1,1.4523135E0,1.8181819E-1,1.4998724E0,1.8447009E0,2.608696E-1,1.0825688E0],"split_indices":[6,7,5,5,5,6,6,6,6,6,7,7,14,5,14,7,5,7,5,0,0,14,6,14,14,5,5,14,6,5,6,0,0,0,0,0,0,0,0,0,0,0,0,0,0,0,0,0,0,0,0,0,0,0,0,0,0,0,0],"split_type":[0,0,0,0,0,0,0,0,0,0,0,0,0,0,0,0,0,0,0,0,0,0,0,0,0,0,0,0,0,0,0,0,0,0,0,0,0,0,0,0,0,0,0,0,0,0,0,0,0,0,0,0,0,0,0,0,0,0,0],"sum_hessian":[5.265E3,4.30775E3,9.5725E2,4.2657E3,4.205E1,1.9945E2,7.578E2,3.93775E3,3.2795E2,4.4E0,3.765E1,1.01E2,9.8450005E1,2.1565001E2,5.4215E2,3.55865E3,3.791E2,2.287E2,9.925E1,1.15E0,3.25E0,1.11E1,2.6550001E1,9.695E1,4.05E0,4.52E1,5.325E1,1.625E2,5.315E1,4.322E2,1.09950005E2,5.65E0,3.553E3,1.8805E2,1.9105E2,9.45E0,2.1925E2,4.965E1,4.9600002E1,9.1E0,2E0,2.5550001E1,1E0,4.85E1,4.845E1,2.5E0,1.55E0,2.65E0,4.255E1,2.085E1,3.24E1,9.5E1,6.75E1,5.195E1,1.2E0,1.9495E2,2.3725E2,3.465E1,7.53E1],"tree_param":{"num_deleted":"0","num_feature":"15","num_nodes":"59","size_leaf_vector":"0"}},{"base_weights":[-5.608111E-1,-8.764381E-1,2.0271191E-1,-1.0251926E0,-3.834422E-1,5.1276684E-1,-7.531513E-2,-1.036604E0,9.862534E-1,-4.8543325E-1,1.0739213E0,3.239525E-1,8.784997E-1,-2.3875614E-1,3.6363125E-1,-1.114543E0,-9.192217E-1,1.8442693E0,3.4303325E-1,4.4138327E-1,-6.3673204E-1,1.9892597E0,5.70877E-1,1.0557851E-1,5.095281E-1,9.5125955E-1,-6.691987E-1,-5.173664E-1,-6.705962E-2,2.2661251E-1,1.0244205E0,5.9640002E-3,-1.1159958E0,-3.9910093E-1,-9.6305573E-1,-4.3678024E-1,6.747145E-1,9.521937E-1,3.0274633E-2,-7.1941787E-1,-8.41391E-2,2.3104856E0,9.1466343E-1,9.852667E-1,-1.8611975E-1,-9.75147E-1,2.1582499E-1,3.9842397E-1,8.37352E-1,-4.1057593E-1,9.809052E-1,1.5673952E-1,-1.3090667E0,-5.8495325E-1,4.503351E-1,4.2739078E-1,-2.3977268E-1,2.684229E-1,-1.554398E0,-3.292053E-1,1.1157695E0],"categories":[],"categories_nodes":[],"categories_segments":[],"categories_sizes":[],"default_left":[true,true,true,true,true,true,true,true,true,true,true,true,true,true,true,true,true,false,true,true,true,true,true,true,true,true,true,true,true,true,true,false,false,false,false,false,false,false,false,false,false,false,false,false,false,false,false,false,false,false,false,false,false,false,false,false,false,false,false,false,false],"id":1,"left_children":[1,3,5,7,9,11,13,15,17,19,21,23,25,27,29,31,33,-1,35,37,39,41,43,45,47,49,51,53,55,57,59,-1,-1,-1,-1,-1,-1,-1,-1,-1,-1,-1,-1,-1,-1,-1,-1,-1,-1,-1,-1,-1,-1,-1,-1,-1,-1,-1,-1,-1,-1],"loss_changes":[6.57243E2,1.4109131E2,6.885193E1,3.502771E1,6.7229256E1,2.578547E1,3.0343327E1,1.2457031E1,4.262598E0,5.919419E1,1.2523857E1,1.01003895E1,1.5045784E1,1.4694967E1,1.0164089E1,1.4407959E0,1.3151886E1,0E0,1.9236786E0,1.2476594E1,1.6460602E1,1.3794899E0,6.6286626E0,1.4075787E1,4.5905E0,5.3533554E0,3.5517848E0,7.93244E0,1.6469961E1,7.5947323E0,2.7706642E0,0E0,0E0,0E0,0E0,0E0,0E0,0E0,0E0,0E0,0E0,0E0,0E0,0E0,0E0,0E0,0E0,0E0,0E0,0E0,0E0,0E0,0E0,0E0,0E0,0E0,0E0,0E0,0E0,0E0,0E0],"parents":[2147483647,0,0,1,1,2,2,3,3,4,4,5,5,6,6,7,7,8,8,9,9,10,10,11,11,12,12,13,13,14,14,15,15,16,16,18,18,19,19,20,20,21,21,22,22,23,23,24,24,25,25,26,26,27,27,28,28,29,29,30,30],"right_children":[2,4,6,8,10,12,14,16,18,20,22,24,26,28,30,32,34,-1,36,38,40,42,44,46,48,50,52,54,56,58,60,-1,-1,-1,-1,-1,-1,-1,-1,-1,-1,-1,-1,-1,-1,-1,-1,-1,-1,-1,-1,-1,-1,-1,-1,-1,-1,-1,-1,-1,-1],"split_conditions":[4.2638206E0,2.0053506E0,4.201895E-2,2.7096438E-1,1.7926323E-1,1.4213974E0,1.4868996E0,1.0083826E0,3.5056348E0,-1.3399534E-2,3.4404886E0,1.7273918E0,2.474142E1,1.0472616E0,1.860147E0,-2.2489083E-1,-2.190604E-2,1.8442693E0,9.596012E-1,-8.078603E-2,8.3501525E-2,4.0709352E-1,4.127556E-2,4.480215E-3,9.524208E0,6.082935E-1,1.0792605E0,1.6949387E1,1.1044682E0,5.0253296E1,1.6026201E0,5.9640002E-3,-1.1159958E0,-3.9910093E-1,-9.6305573E-1,-4.3678024E-1,6.747145E-1,9.521937E-1,3.0274633E-2,-7.1941787E-1,-8.41391E-2,2.3104856E0,9.1466343E-1,9.852667E-1,-1.8611975E-1,-9.75147E-1,2.1582499E-1,3.9842397E-1,8.37352E-1,-4.1057593E-1,9.809052E-1,1.5673952E-1,-1.3090667E0,-5.8495325E-1,4.503351E-1,4.2739078E-1,-2.3977268E-1,2.684229E-1,-1.554398E0,-3.292053E-1,1.1157695E0],"split_indices":[6,5,14,7,7,7,7,5,6,7,6,5,6,5,5,7,7,0,5,7,7,7,14,14,6,5,5,6,5,6,7,0,0,0,0,0,0,0,0,0,0,0,0,0,0,0,0,0,0,0,0,0,0,0,0,0,0,0,0,0,0],"split_type":[0,0,0,0,0,0,0,0,0,0,0,0,0,0,0,0,0,0,0,0,0,0,0,0,0,0,0,0,0,0,0,0,0,0,0,0,0,0,0,0,0,0,0,0,0,0,0,0,0,0,0,0,0,0,0,0,0,0,0,0,0],