{"learner":{"attributes":{},"gradient_booster":{"model":{"gbtree_model_param":{"num_trees":"2","size_leaf_vector":"0"},"tree_info":[0,0],"trees":[{"base_weights":[-2.3465393E-1,3.756121E-1,-1.4110825E0,7.097127E-1,-3.872327E-1,8.590378E-1,-1.9365389E0,-6.171522E-1,9.327103E-1,1.7380953E0,-3.932404E-1,-1.1369237E0,1.7102102E0,-1.9828117E0,1.524424E0,1.9449036E0,-1.5200444E0,6.2651443E-1,1.6194258E0,1.2173913E0,1.8730159E0,-3.9659962E-1,1.1811024E0,1.7798165E0,-1.6643124E0,1.9036185E0,-1.6840418E-1,1.8957654E0,-1.9974716E0,1.9481081E0,-9.02439E-1,2.3728813E-1,1.9633976E0,-1.8293988E0,7.7712953E-1,1.0271513E0,-5.6150234E-1,1.7084415E0,-4.1866666E-1,-6.289593E-1,-3.856464E-1,1.706422E0,-1.6363636E0,1.8188319E0,7.027027E-1,1.7815126E0,-1.8419214E0,1.9055119E0,-0E0,-1.5072848E0,1.8709677E0,1.9207921E0,-0E0,-5E-1,1.9609121E0,-1.0909091E0,1.4285715E0],"categories":[],"categories_nodes":[],"categories_segments":[],"categories_sizes":[],"default_left":[true,true,true,true,true,true,true,true,true,true,true,true,true,true,true,true,true,true,true,false,false,true,true,true,true,true,true,true,false,true,true,false,false,false,false,false,false,false,false,false,false,false,false,false,false,false,false,false,false,false,false,false,false,false,false,false,false],"id":0,"left_children":[1,3,5,7,9,11,13,15,17,19,21,23,25,27,29,31,33,35,37,-1,-1,39,41,43,45,47,49,51,-1,53,55,-1,-1,-1,-1,-1,-1,-1,-1,-1,-1,-1,-1,-1,-1,-1,-1,-1,-1,-1,-1,-1,-1,-1,-1,-1,-1],"loss_changes":[5.3105066E4,1.2413439E4,3.0138996E4,1.0022516E4,1.9009863E2,8.0709053E3,3.288711E3,1.1277786E4,6.096326E3,6.7046356E-1,7.8706055E1,2.188055E3,1.2102402E3,1.1549844E3,2.8066364E2,3.9657227E1,2.5629268E3,9.546976E3,1.6229492E3,0E0,0E0,3.7330566E1,4.9784557E1,7.8831787E0,7.3983496E2,1.0881836E1,8.540458E2,3.641388E0,0E0,8.229126E0,1.9570793E1,0E0,0E0,0E0,0E0,0E0,0E0,0E0,0E0,0E0,0E0,0E0,0E0,0E0,0E0,0E0,0E0,0E0,0E0,0E0,0E0,0E0,0E0,0E0,0E0,0E0,0E0],"parents":[2147483647,0,0,1,1,2,2,3,3,4,4,5,5,6,6,7,7,8,8,9,9,10,10,11,11,12,12,13,13,14,14,15,15,16,16,17,17,18,18,21,21,22,22,23,23,24,24,25,25,26,26,27,27,29,29,30,30],"right_children":[2,4,6,8,10,12,14,16,18,20,22,24,26,28,30,32,34,36,38,-1,-1,40,42,44,46,48,50,52,-1,54,56,-1,-1,-1,-1,-1,-1,-1,-1,-1,-1,-1,-1,-1,-1,-1,-1,-1,-1,-1,-1,-1,-1,-1,-1,-1,-1],"split_conditions":[6.935186E3,4.72222E-1,4.877778E0,1.9572725E0,2.00056E0,7.88849E3,7.5E0,3.6E0,1.0833335E0,2.5E0,3E0,1.75E0,1.0090747E4,2.5E0,4.325E0,7.083335E-1,5.2E0,1.687574E0,1.234E3,1.2173913E0,1.8730159E0,1.5E0,3.45E2,6E1,2.5E0,9.5E0,1.0328551E4,9E0,-1.9974716E0,1.8333335E0,1.5E0,2.3728813E-1,1.9633976E0,-1.8293988E0,7.7712953E-1,1.0271513E0,-5.6150234E-1,1.7084415E0,-4.1866666E-1,-6.289593E-1,-3.856464E-1,1.706422E0,-1.6363636E0,1.8188319E0,7.027027E-1,1.7815126E0,-1.8419214E0,1.9055119E0,-0E0,-1.5072848E0,1.8709677E0,1.9207921E0,-0E0,-5E-1,1.9609121E0,-1.0909091E0,1.4285715E0],"split_indices":[8,4,6,19,19,8,6,6,1,6,2,6,8,13,19,1,6,20,2,0,0,6,2,2,5,20,8,0,0,7,0,0,0,0,0,0,0,0,0,0,0,0,0,0,0,0,0,0,0,0,0,0,0,0,0,0,0],"split_type":[0,0,0,0,0,0,0,0,0,0,0,0,0,0,0,0,0,0,0,0,0,0,0,0,0,0,0,0,0,0,0,0,0,0,0,0,0,0,0,0,0,0,0,0,0,0,0,0,0,0,0,0,0,0,0,0,0],"sum_hessian":[7.39675E4,4.87035E4,2.5264E4,3.386975E4,1.483375E4,4.7485E3,2.05155E4,4.873E3,2.899675E4,4.1E1,1.479275E4,1.4195E3,3.329E3,2.024525E4,2.7025E2,1.2695E3,3.6035E3,2.0056E4,8.94075E3,1.05E1,3.05E1,1.4762E4,3.075E1,2.17E2,1.2025E3,3.01825E3,3.1075E2,7.575E1,2.01695E4,2.3025E2,4E1,1.375E1,1.25575E3,3.176E3,4.275E2,1.499825E4,5.05775E3,8.56675E3,3.74E2,6.62E2,1.41E4,2.625E1,4.5E0,2.0875E2,8.25E0,5.85E1,1.144E3,3.01525E3,3E0,1.8775E2,1.23E2,7.475E1,1E0,1E0,2.2925E2,3.75E1,2.5E0],"tree_param":{"num_deleted":"0","num_feature":"25","num_nodes":"57","size_leaf_vector":"0"}},{"base_weights":[-1.08562954E-1,1.866951E-1,-6.2514675E-1,2.2172642E-1,-3.5591028E0,-1.2678442E0,4.756839E-1,7.972689E-1,9.9960074E-2,-3.610396E0,1.922208E0,-1.1530734E0,-3.0188522E0,7.459257E-1,-8.5343057E-1,5.8963484E-1,2.2646627E0,1.0879053E-2,1.0694685E0,-3.6444812E0,-2.4197002E-1,-2.5156415E0,-1.0602882E0,-2.6092905E-1,-3.54809E0,4.1163415E-2,1.22378E0,4.723905E-1,-1.9240862E0,1.0439366E0,-1.7655478E-1,2.6745572E0,1.0690036E0,3.3187583E-2,-3.1476338E0,-7.966691E-1,1.106626E0,-3.6560948E0,-6.583384E-1,1.3089822E-1,-4.17271E-1,-3.5431354E0,-8.494059E-1,-1.0816808E0,1.4925948E0,-8.95289E-1,4.429113E0,-3.68668E0,1.1459022E0,4.4264492E-1,-2.292676E0,1.1068269E0,1.3422909E0,-4.6197385E-1,1.1467203E0,-2.2575545E0,2.1197798E0],"categories":[],"categories_nodes":[],"categories_segments":[],"categories_sizes":[],"default_left":[true,true,true,true,true,true,true,true,true,true,false,true,true,true,true,true,true,true,true,true,true,true,true,true,true,true,true,true,true,false,false,false,false,false,false,false,false,false,false,false,false,false,false,false,false,false,false,false,false,false,false,false,false,false,false,false,false],"id":1,"left_children":[1,3,5,7,9,11,13,15,17,19,-1,21,23,25,27,29,31,33,35,37,39,41,43,45,47,49,51,53,55,-1,-1,-1,-1,-1,-1,-1,-1,-1,-1,-1,-1,-1,-1,-1,-1,-1,-1,-1,-1,-1,-1,-1,-1,-1,-1,-1,-1],"loss_changes":[7.4218047E3,4.0637363E3,1.25211455E4,2.1498074E3,8.761572E1,2.242043E3,2.3439863E3,1.6307646E3,2.186841E3,3.1797852E1,0E0,1.323292E3,1.00140625E3,1.8260312E3,1.5663906E3,1.634108E3,3.2239844E2,1.6342072E3,1.4863257E2,7.362793E0,3.1100935E-1,1.1405156E3,5.379697E2,3.3611984E2,3.7898584E2,2.0548948E3,4.330078E1,3.1147617E2,8.278176E2,0E0,0E0,0E0,0E0,0E0,0E0,0E0,0E0,0E0,0E0,0E0,0E0,0E0,0E0,0E0,0E0,0E0,0E0,0E0,0E0,0E0,0E0,0E0,0E0,0E0,0E0,0E0,0E0],"parents":[2147483647,0,0,1,1,2,2,3,3,4,4,5,5,6,6,7,7,8,8,9,9,11,11,12,12,13,13,14,14,15,15,16,16,17,17,18,18,19,19,20,20,21,21,22,22,23,23,24,24,25,25,26,26,27,27,28,28],"right_children":[2,4,6,8,10,12,14,16,18,20,-1,22,24,26,28,30,32,34,36,38,40,42,44,46,48,50,52,54,56,-1,-1,-1,-1,-1,-1,-1,-1,-1,-1,-1,-1,-1,-1,-1,-1,-1,-1,-1,-1,-1,-1,-1,-1,-1,-1,-1,-1],"split_conditions":[4.0714283E0,3.575E2,7.9583335E0,1.9444444E0,2.1666665E0,3.578333E2,2.494117E0,3.5E0,4.5E0,4.5E0,1.922208E0,2.5E0,1.9867256E0,5.83E2,3.55E1,2.6333334E0,1.1E0,4.5E0,2.5E0,1.5E0,1.5E0,2.36111E-1,4.5E0,4.95E1,5.3333335E0,3.961667E2,2.5E0,4.45E0,1.5E0,1.0439366E0,-1.7655478E-1,2.6745572E0,1.0690036E0,3.3187583E-2,-3.1476338E0,-7.966691E-1,1.106626E0,-3.6560948E0,-6.583384E-1,1.3089822E-1,-4.17271E-1,-3.5431354E0,-8.494059E-1,-1.0816808E0,1.4925948E0,-8.95289E-1,4.429113E0,-3.68668E0,1.1459022E0,4.4264492E-1,-2.292676E0,1.1068269E0,1.3422909E0,-4.6197385E-1,1.1467203E0,-2.2575545E0,2.1197798E0],"split_indices":[6,7,6,7,19,7,19,5,16,3,0,11,19,6,6,19,1,17,11,18,18,4,5,3,6,7,2,7,20,0,0,0,0,0,0,0,0,0,0,0,0,0,0,0,0,0,0,0,0,0,0,0,0,0,0,0,0],"split_type":[0,0,0,0,0,0,0,0,0,0,0,0,0,0,0,0,0,0,0,0,0,0,0,0,0,0,0,0,0,0,0,0,0,0,0,0,0,0,0,0,0,0,0,0,0,0,0,0,0,0,0,0,0,0,0,0,0],"sum_hessian":[4.865766E4,3.0961807E4,1.7695855E4,3.0675861E4,2.8594495E2,1.1172732E4,6.5231226E3,5.35575E3,2.5320111E4,2.8363208E2,2.3128572E0,1.0487015E4,6.8571826E2,5.421281E3,1.1018418E3,4.6930864E3,6.6266327E2,2.3190332E4,2.1297786E3,2.807096E2,2.922475E0,6.669287E2,9.820086E3,1.10642006E2,5.7507623E2,2.19099E3,3.230291E3,4.9251114E2,6.093307E2,2.945958E3,1.7471285E3,4.9256558E2,1.7009766E2,2.3028672E4,1.6166168E2,4.1180183E1,2.0885984E3,2.7939862E2,1.3109832E0,1.0155904E0,1.9068846E0,4.1183926E2,2.5508948E2,9.739051E3,8.103467E1,9.817261E1,1.2469401E1,5.587925E2,1.6283743E1,1.870095E3,3.20895E2,1.6310355E3,1.5992554E3,2.0658203E2,2.859291E2,5.633195E2,4.6011166E1],"tree_param":{"num_deleted":"0","num_feature":"25","num_nodes":"57","size_leaf_vector":"0"}}]},"name":"gbtree"},"learner_model_param":{"base_score":"5E-1","num_class":"0","num_feature":"25"},"objective":{"name":"binary:logistic","reg_loss_param":{"scale_pos_weight":"1"}}},"version":[1,3,3]}